"url","arquivo","status_http","redirects","canonical","robots_indexabilidade","presente_no_sitemap","title","meta_description","h1","h2_h3","schema_principal","inlinks","outlinks","cta_whatsapp","cta_rastreado","html_publico_bytes","recursos_pesados","teste_mobile","erros_riscos","prioridade","classificacao","fonte","observado_em_fuso","metodo","periodo","limitacao","confianca"
"https://draamandaschroeder.com.br/","index.html","200","0 (URL canônica)","https://draamandaschroeder.com.br/","permitida; sem noindex/X-Robots impeditivo","sim","Cirurgiã Plástica em São Paulo | Dra. Amanda Schroeder","Cirurgia plástica facial, de mamas e contorno corporal com a Dra. Amanda Schroeder, CRM-SP 191605 e RQE 110472. Consulta particular em Pinheiros.","Cirurgia plástica para quem quer mudar sem deixar de se reconhecer.","20","Physician|MedicalClinic|WebSite|FAQPage","43","20","7","7","30647","17,91 MB de mídia referenciada; maior arquivo 10,37 MB; vídeo preload=metadata","390x844: sem overflow global; DOM/console OK","sem bloqueio; risco de mídia e conflito global com domínio legado","P1","fato observado+cálculo+inferência","site público+repositório","2026-08-15 09:39-10:01 UTC-03","GET público+parser HTML+grafo local+render Chrome","snapshot","CWV e estado GSC por URL N/D","alta"
"https://draamandaschroeder.com.br/procedimentos/","procedimentos/index.html","200","0 (URL canônica)","https://draamandaschroeder.com.br/procedimentos/","permitida; sem noindex/X-Robots impeditivo","sim","Procedimentos de Cirurgia Plástica | Dra. Amanda Schroeder","Conheça os procedimentos cirúrgicos e não cirúrgicos realizados pela Dra. Amanda Schroeder para face, pescoço, mamas, contorno corporal e cirurgia íntima.","O melhor plano começa pela queixa — não pelo nome do procedimento.","6","CollectionPage|Physician|BreadcrumbList","17","23","3","3","13953","nenhum arquivo local >5 MB referenciado","N/D individual","nenhum bloqueio técnico observado","P2","fato observado+cálculo","site público+repositório","2026-08-15 09:39-10:01 UTC-03","GET público+parser HTML+grafo local","snapshot","CWV/mobile visual/GSC N/D","alta"
"https://draamandaschroeder.com.br/avaliacao-facial/","avaliacao-facial/index.html","200","0 (URL canônica)","https://draamandaschroeder.com.br/avaliacao-facial/","permitida; sem noindex/X-Robots impeditivo","sim","Avaliação Facial em São Paulo | Dra. Amanda Schroeder","Avaliação facial com a Dra. Amanda Schroeder em Pinheiros para entender flacidez, olhar, contorno, pescoço e alternativas cirúrgicas ou não cirúrgicas.","Você não precisa escolher uma cirurgia antes de entender o seu rosto.","29","MedicalWebPage|Physician|FAQPage|BreadcrumbList","17","22","6","6","31663","16,54 MB de mídia referenciada; maior 10,37 MB; vídeos preload=metadata","N/D individual","risco de mídia; impacto real N/D","P1","fato observado+cálculo+inferência","site público+repositório","2026-08-15 09:39-10:01 UTC-03","GET público+parser HTML+grafo local","snapshot","CWV/mobile visual/GSC N/D","alta"
"https://draamandaschroeder.com.br/mama/","mama/index.html","200","0 (URL canônica)","https://draamandaschroeder.com.br/mama/","permitida; sem noindex/X-Robots impeditivo","sim","Cirurgia de Mama em São Paulo | Dra. Amanda Schroeder","Avaliação de cirurgia de mama em São Paulo para queda, perda ou excesso de volume, assimetrias e mudanças após gestação ou emagrecimento.","Uma cirurgia de mama que começa pelo que você deseja sentir e preservar.","32","MedicalWebPage|MedicalProcedure|Physician|FAQPage|BreadcrumbList|ItemList","40","23","7","7","32605","12,28 MB de mídia referenciada; maior 10,37 MB; vídeo preload=metadata","N/D individual","risco de mídia; impacto real N/D","P1","fato observado+cálculo+inferência","site público+repositório","2026-08-15 09:39-10:01 UTC-03","GET público+parser HTML+grafo local","snapshot","CWV/mobile visual/GSC N/D","alta"
"https://draamandaschroeder.com.br/mastopexia/","mastopexia/index.html","200","0 (URL canônica)","https://draamandaschroeder.com.br/mastopexia/","permitida; sem noindex/X-Robots impeditivo","sim","Mastopexia em São Paulo | Dra. Amanda Schroeder","Mastopexia em São Paulo para seios caídos, peito murcho, mamilo para baixo e perda de sustentação, com ou sem prótese conforme o caso.","Quando o incômodo é a mama caída — com ou sem desejo de mais volume.","35","MedicalWebPage|MedicalProcedure|Physician|MedicalClinic|FAQPage|BreadcrumbList","26","14","5","5","25301","nenhum arquivo local >5 MB referenciado","N/D individual","nenhum bloqueio técnico observado","P2","fato observado+cálculo","site público+repositório","2026-08-15 09:39-10:01 UTC-03","GET público+parser HTML+grafo local","snapshot","CWV/mobile visual/GSC N/D","alta"
"https://draamandaschroeder.com.br/mastopexia-com-protese/","mastopexia-com-protese/index.html","200","0 (URL canônica)","https://draamandaschroeder.com.br/mastopexia-com-protese/","permitida; sem noindex/X-Robots impeditivo","sim","Mastopexia com Prótese em São Paulo | Dra. Amanda Schroeder","Mastopexia com prótese em São Paulo para queda associada a peito murcho, perda de colo e falta de volume, com planejamento individual.","Elevar a mama e recuperar volume, sem escolher o implante antes da anatomia.","36","MedicalWebPage|MedicalProcedure|Physician|MedicalClinic|FAQPage|BreadcrumbList","17","15","5","5","26682","nenhum arquivo local >5 MB referenciado","N/D individual","nenhum bloqueio técnico observado","P2","fato observado+cálculo","site público+repositório","2026-08-15 09:39-10:01 UTC-03","GET público+parser HTML+grafo local","snapshot","CWV/mobile visual/GSC N/D","alta"
"https://draamandaschroeder.com.br/mamoplastia-redutora/","mamoplastia-redutora/index.html","200","0 (URL canônica)","https://draamandaschroeder.com.br/mamoplastia-redutora/","permitida; sem noindex/X-Robots impeditivo","sim","Mamoplastia Redutora em São Paulo | Dra. Amanda Schroeder","Mamoplastia redutora em São Paulo para mama pesada, dor nas costas, marcas de alça, assaduras e dificuldade com roupas ou exercícios.","Reduzir peso e volume sem perder de vista forma, cicatrizes e proporção.","34","MedicalWebPage|MedicalProcedure|Physician|MedicalClinic|FAQPage|BreadcrumbList","26","14","5","5","25045","nenhum arquivo local >5 MB referenciado","N/D individual","nenhum bloqueio técnico observado","P2","fato observado+cálculo","site público+repositório","2026-08-15 09:39-10:01 UTC-03","GET público+parser HTML+grafo local","snapshot","CWV/mobile visual/GSC N/D","alta"
"https://draamandaschroeder.com.br/protese-de-mama/","protese-de-mama/index.html","200","0 (URL canônica)","https://draamandaschroeder.com.br/protese-de-mama/","permitida; sem noindex/X-Robots impeditivo","sim","Prótese de Mama em São Paulo | Dra. Amanda Schroeder","Prótese de mama em São Paulo para pouco volume, sutiã vazio, perda de colo ou assimetria, com escolha baseada em medidas e tecidos.","Mais volume com proporção: a escolha começa nas medidas, não nos mililitros.","36","MedicalWebPage|MedicalProcedure|Physician|MedicalClinic|FAQPage|BreadcrumbList","17","15","5","5","26331","nenhum arquivo local >5 MB referenciado","N/D individual","nenhum bloqueio técnico observado","P2","fato observado+cálculo","site público+repositório","2026-08-15 09:39-10:01 UTC-03","GET público+parser HTML+grafo local","snapshot","CWV/mobile visual/GSC N/D","alta"
"https://draamandaschroeder.com.br/injetaveis/","injetaveis/index.html","200","0 (URL canônica)","https://draamandaschroeder.com.br/injetaveis/","permitida; sem noindex/X-Robots impeditivo","sim","Injetáveis faciais em São Paulo | Dra. Amanda Schroeder","Toxina botulínica, preenchimento e bioestimuladores em São Paulo com planejamento facial, produtos regularizados, segurança e busca por resultados naturais.","Tratar o que incomoda sem transformar o seu rosto.","35","MedicalWebPage|MedicalProcedure|Physician|FAQPage|BreadcrumbList","27","22","6","6","27581","13,16 MB de mídia referenciada; maior 10,37 MB; vídeo preload=metadata","N/D individual","lastmod 2026-07-12 difere de dateModified 2026-08-02; risco de mídia","P1","fato observado+cálculo+inferência","site público+repositório","2026-08-15 09:39-10:01 UTC-03","GET público+parser HTML+grafo local","snapshot","datas exigem verdade editorial; CWV/GSC N/D","alta"
"https://draamandaschroeder.com.br/blefaroplastia/","blefaroplastia/index.html","200","0 (URL canônica)","https://draamandaschroeder.com.br/blefaroplastia/","permitida; sem noindex/X-Robots impeditivo","sim","Blefaroplastia em São Paulo | Dra. Amanda Schroeder","Blefaroplastia em São Paulo para pálpebra caída, bolsas nos olhos, olhar cansado e excesso de pele, com avaliação individual e preservação da expressão.","Blefaroplastia para melhorar o olhar sem apagar sua expressão.","39","MedicalWebPage|MedicalProcedure|Physician|FAQPage|BreadcrumbList","42","22","6","6","33665","12,73 MB de mídia referenciada; maior 10,37 MB; vídeo preload=metadata","N/D individual","lastmod 2026-07-10 difere de dateModified 2026-08-02; risco de mídia","P1","fato observado+cálculo+inferência","site público+repositório","2026-08-15 09:39-10:01 UTC-03","GET público+parser HTML+grafo local","snapshot","datas exigem verdade editorial; CWV/GSC N/D","alta"
"https://draamandaschroeder.com.br/lifting-facial/","lifting-facial/index.html","200","0 (URL canônica)","https://draamandaschroeder.com.br/lifting-facial/","permitida; sem noindex/X-Robots impeditivo","sim","Lifting Facial em São Paulo | Dra. Amanda Schroeder","Entenda indicação, naturalidade, cicatrizes e recuperação do lifting facial com a Dra. Amanda Schroeder. Consulta particular em Pinheiros, São Paulo.","Lifting facial para melhorar a flacidez sem apagar sua expressão.","37","MedicalWebPage|MedicalProcedure|Physician|FAQPage|BreadcrumbList","42","23","6","6","38245","17,56 MB de mídia referenciada; maior 10,37 MB; vídeo preload=metadata","N/D individual","risco de mídia; impacto real N/D","P1","fato observado+cálculo+inferência","site público+repositório","2026-08-15 09:39-10:01 UTC-03","GET público+parser HTML+grafo local","snapshot","CWV/mobile visual/GSC N/D","alta"
"https://draamandaschroeder.com.br/lifting-cervical/","lifting-cervical/index.html","200","0 (URL canônica)","https://draamandaschroeder.com.br/lifting-cervical/","permitida; sem noindex/X-Robots impeditivo","sim","Lifting cervical em São Paulo | Dra. Amanda Schroeder","Lifting cervical em São Paulo para flacidez do pescoço, papada, bandas e perda do contorno mandibular, com planejamento individual e resultado natural.","Um pescoço mais definido, sem a aparência de rosto puxado.","34","MedicalWebPage|MedicalProcedure|Physician|FAQPage|BreadcrumbList","25","21","6","6","31391","25,12 MB de mídia referenciada; maior 12,77 MB; vídeos preload=metadata","N/D individual","lastmod 2026-07-10 difere de dateModified 2026-08-02; risco de mídia","P1","fato observado+cálculo+inferência","site público+repositório","2026-08-15 09:39-10:01 UTC-03","GET público+parser HTML+grafo local","snapshot","datas exigem verdade editorial; CWV/GSC N/D","alta"
"https://draamandaschroeder.com.br/lipo-de-papada/","lipo-de-papada/index.html","200","0 (URL canônica)","https://draamandaschroeder.com.br/lipo-de-papada/","permitida; sem noindex/X-Robots impeditivo","sim","Lipo de papada em São Paulo | Dra. Amanda Schroeder","Lipo de papada em São Paulo para gordura abaixo do queixo e perda de definição, com avaliação da pele, pescoço, mandíbula e queixo antes da indicação.","Mais definição abaixo do queixo, quando a gordura é realmente a causa.","33","MedicalWebPage|MedicalProcedure|Physician|FAQPage|BreadcrumbList","5","21","6","6","29191","13,53 MB de mídia referenciada; maior 10,37 MB; vídeo preload=metadata","N/D individual","lastmod 2026-07-10 difere de dateModified 2026-08-02; risco de mídia","P1","fato observado+cálculo+inferência","site público+repositório","2026-08-15 09:39-10:01 UTC-03","GET público+parser HTML+grafo local","snapshot","datas exigem verdade editorial; CWV/GSC N/D","alta"
"https://draamandaschroeder.com.br/lip-lifting/","lip-lifting/index.html","200","0 (URL canônica)","https://draamandaschroeder.com.br/lip-lifting/","permitida; sem noindex/X-Robots impeditivo","sim","Lip Lifting em São Paulo | Dra. Amanda Schroeder","Lip lifting em São Paulo para avaliar lábio superior longo, pouca exposição dos dentes e relação entre nariz, boca e sorriso, com planejamento de cicatriz.","Quando a distância entre nariz e lábio pesa mais que a falta de volume.","27","MedicalWebPage|MedicalProcedure|Physician|FAQPage","2","8","4","4","17317","7,78 MB de mídia referenciada; maior 7,67 MB; vídeo preload=metadata","N/D individual","poucos inlinks; risco de mídia","P1","fato observado+cálculo+inferência","site público+repositório","2026-08-15 09:39-10:01 UTC-03","GET público+parser HTML+grafo local","snapshot","não órfã; CWV/mobile/GSC N/D","alta"
"https://draamandaschroeder.com.br/otoplastia/","otoplastia/index.html","200","0 (URL canônica)","https://draamandaschroeder.com.br/otoplastia/","permitida; sem noindex/X-Robots impeditivo","sim","Otoplastia em São Paulo | Crianças e adultos | Dra. Amanda","Otoplastia em São Paulo para crianças e adultos com orelhas proeminentes ou assimétricas, com indicação cuidadosa, resultado natural e acompanhamento próximo.","Orelhas mais equilibradas, sem perder seus contornos naturais.","32","MedicalWebPage|MedicalProcedure|Physician|FAQPage|BreadcrumbList","26","23","5","5","29985","54,78 MB de mídia referenciada; maior 42,64 MB; vídeos preload=metadata","N/D individual","maior risco de mídia; impacto real N/D","P1","fato observado+cálculo+inferência","site público+repositório","2026-08-15 09:39-10:01 UTC-03","GET público+parser HTML+grafo local","snapshot","CWV/mobile visual/GSC N/D","alta"
"https://draamandaschroeder.com.br/otoplastia-adulto/","otoplastia-adulto/index.html","200","0 (URL canônica)","https://draamandaschroeder.com.br/otoplastia-adulto/","permitida; sem noindex/X-Robots impeditivo","sim","Otoplastia em Adultos em São Paulo | Dra. Amanda Schroeder","Otoplastia em adultos em São Paulo para orelhas proeminentes, assimetrias e incômodo antigo, com planejamento voltado à naturalidade e recuperação.","Otoplastia em adultos: menos projeção, preservando as curvas naturais.","52","MedicalWebPage|MedicalProcedure|Physician|MedicalClinic|FAQPage|BreadcrumbList","3","9","5","5","86973","21,36 MB de mídia referenciada; maior 12,77 MB; quatro vídeos preload=metadata","N/D individual","lastmod 2026-08-09 difere de dateModified 2026-08-04; HTML e mídia altos","P1","fato observado+cálculo+inferência","site público+repositório","2026-08-15 09:39-10:01 UTC-03","GET público+parser HTML+grafo local","snapshot","datas exigem verdade editorial; CWV/GSC N/D","alta"
"https://draamandaschroeder.com.br/otoplastia-infantil/","otoplastia-infantil/index.html","200","0 (URL canônica)","https://draamandaschroeder.com.br/otoplastia-infantil/","permitida; sem noindex/X-Robots impeditivo","sim","Otoplastia Infantil em São Paulo | Dra. Amanda Schroeder","Otoplastia infantil em São Paulo com avaliação da anatomia, vontade da criança, participação da família, anestesia, escola, recuperação e naturalidade.","Otoplastia infantil: uma decisão em família, com a criança ouvida.","62","MedicalWebPage|MedicalProcedure|Physician|MedicalClinic|FAQPage|BreadcrumbList","3","9","5","5","91721","63,07 MB de mídia referenciada; maior 42,64 MB; cinco vídeos preload=metadata","N/D individual","lastmod 2026-08-09 difere de dateModified 2026-08-04; maior HTML/mídia","P1","fato observado+cálculo+inferência","site público+repositório","2026-08-15 09:39-10:01 UTC-03","GET público+parser HTML+grafo local","snapshot","datas exigem verdade editorial; CWV/GSC N/D","alta"
"https://draamandaschroeder.com.br/contorno-corporal/","contorno-corporal/index.html","200","0 (URL canônica)","https://draamandaschroeder.com.br/contorno-corporal/","permitida; sem noindex/X-Robots impeditivo","sim","Contorno Corporal em São Paulo | Dra. Amanda Schroeder","Avaliação de contorno corporal em São Paulo para gordura localizada, flacidez, excesso de pele, diástase e mudanças após gestação ou emagrecimento.","Seu corpo mudou. O plano precisa entender o que mudou nele.","35","MedicalWebPage|MedicalProcedure|Physician|FAQPage|BreadcrumbList|ItemList","22","21","7","7","33429","12,28 MB de mídia referenciada; maior 10,37 MB; vídeo preload=metadata","N/D individual","risco de mídia; impacto real N/D","P1","fato observado+cálculo+inferência","site público+repositório","2026-08-15 09:39-10:01 UTC-03","GET público+parser HTML+grafo local","snapshot","CWV/mobile visual/GSC N/D","alta"
"https://draamandaschroeder.com.br/lipoaspiracao/","lipoaspiracao/index.html","200","0 (URL canônica)","https://draamandaschroeder.com.br/lipoaspiracao/","permitida; sem noindex/X-Robots impeditivo","sim","Lipoaspiração em São Paulo | Dra. Amanda Schroeder","Lipoaspiração em São Paulo para pochete, flancos, culote, bananinha e gordura do sutiã, com avaliação de pele, proporção e segurança.","Gordura localizada não é o mesmo que flacidez — e isso muda a indicação.","38","MedicalWebPage|MedicalProcedure|Physician|MedicalClinic|FAQPage|BreadcrumbList","26","15","6","6","27368","nenhum arquivo local >5 MB referenciado","N/D individual","nenhum bloqueio técnico observado","P2","fato observado+cálculo","site público+repositório","2026-08-15 09:39-10:01 UTC-03","GET público+parser HTML+grafo local","snapshot","CWV/mobile visual/GSC N/D","alta"
"https://draamandaschroeder.com.br/abdominoplastia/","abdominoplastia/index.html","200","0 (URL canônica)","https://draamandaschroeder.com.br/abdominoplastia/","permitida; sem noindex/X-Robots impeditivo","sim","Abdominoplastia em São Paulo | Dra. Amanda Schroeder","Abdominoplastia em São Paulo para barriga avental, estômago alto, diástase, pele após gestação ou emagrecimento e umbigo caído.","Quando o abdômen não muda apenas com emagrecimento ou exercício.","41","MedicalWebPage|MedicalProcedure|Physician|MedicalClinic|FAQPage|BreadcrumbList","26","15","6","6","29037","nenhum arquivo local >5 MB referenciado","N/D individual","nenhum bloqueio técnico observado","P2","fato observado+cálculo","site público+repositório","2026-08-15 09:39-10:01 UTC-03","GET público+parser HTML+grafo local","snapshot","CWV/mobile visual/GSC N/D","alta"
"https://draamandaschroeder.com.br/pos-bariatrica/","pos-bariatrica/index.html","200","0 (URL canônica)","https://draamandaschroeder.com.br/pos-bariatrica/","permitida; sem noindex/X-Robots impeditivo","sim","Cirurgia Pós-Bariátrica em São Paulo | Dra. Amanda Schroeder","Planejamento de cirurgia pós-bariátrica em São Paulo por prioridades e etapas, considerando excesso de pele, nutrição, segurança e recuperação.","Depois da perda de peso, o plano começa pelas prioridades — não por fazer tudo de uma vez.","36","MedicalWebPage|MedicalProcedure|Physician|MedicalClinic|FAQPage|BreadcrumbList","27","15","6","6","26635","nenhum arquivo local >5 MB referenciado","N/D individual","nenhum bloqueio técnico observado","P2","fato observado+cálculo","site público+repositório","2026-08-15 09:39-10:01 UTC-03","GET público+parser HTML+grafo local","snapshot","CWV/mobile visual/GSC N/D","alta"
"https://draamandaschroeder.com.br/braquioplastia/","braquioplastia/index.html","200","0 (URL canônica)","https://draamandaschroeder.com.br/braquioplastia/","permitida; sem noindex/X-Robots impeditivo","sim","Braquioplastia em São Paulo | Dra. Amanda Schroeder","Braquioplastia em São Paulo para excesso de pele e flacidez nos braços após emagrecimento ou mudanças corporais, com avaliação de cicatriz e recuperação.","Quando a pele dos braços continua incomodando depois que o peso mudou.","26","MedicalWebPage|MedicalProcedure|Physician|FAQPage","1","10","4","4","15959","nenhum arquivo local >5 MB referenciado","N/D individual","apenas um inlink; não é órfã","P1","fato observado+cálculo","site público+repositório","2026-08-15 09:39-10:01 UTC-03","GET público+parser HTML+grafo local","snapshot","mudança de link/âncora é comunicação; GSC N/D","alta"
"https://draamandaschroeder.com.br/ninfoplastia/","ninfoplastia/index.html","200","0 (URL canônica)","https://draamandaschroeder.com.br/ninfoplastia/","permitida; sem noindex/X-Robots impeditivo","sim","Ninfoplastia em São Paulo | Dra. Amanda Schroeder","Ninfoplastia em São Paulo para desconforto, atrito, assimetria ou pequenos lábios aparentes em roupas justas, com privacidade e avaliação.","Conforto íntimo, função e privacidade antes de qualquer decisão.","38","MedicalWebPage|MedicalProcedure|Physician|MedicalClinic|FAQPage|BreadcrumbList","17","16","6","6","27363","nenhum arquivo local >5 MB referenciado","N/D individual","nenhum bloqueio técnico observado","P2","fato observado+cálculo","site público+repositório","2026-08-15 09:39-10:01 UTC-03","GET público+parser HTML+grafo local","snapshot","CWV/mobile visual/GSC N/D","alta"
"https://draamandaschroeder.com.br/conteudos/","conteudos/index.html","200","0 (URL canônica)","https://draamandaschroeder.com.br/conteudos/","permitida; sem noindex/X-Robots impeditivo","sim","Conteúdos sobre cirurgia plástica | Dra. Amanda Schroeder","Conteúdos educativos sobre cirurgia da face, mama, contorno corporal, injetáveis, recuperação e segurança para orientar uma decisão individualizada.","Encontre respostas claras antes de decidir.","33","CollectionPage|Physician|Organization","42","24","5","5","19073","nenhum arquivo local >5 MB referenciado","N/D individual","nenhum bloqueio técnico observado","P2","fato observado+cálculo","site público+repositório","2026-08-15 09:39-10:01 UTC-03","GET público+parser HTML+grafo local","snapshot","CWV/mobile visual/GSC N/D","alta"
"https://draamandaschroeder.com.br/conteudos/quanto-custa-cirurgia-plastica-facial-sao-paulo/","conteudos/quanto-custa-cirurgia-plastica-facial-sao-paulo/index.html","200","0 (URL canônica)","https://draamandaschroeder.com.br/conteudos/quanto-custa-cirurgia-plastica-facial-sao-paulo/","permitida; sem noindex/X-Robots impeditivo","sim","Quanto custa uma cirurgia plástica facial em São Paulo? | Dra. Amanda","Entenda os custos de uma cirurgia facial: cirurgiã, anestesiologista, auxiliar, instrumentador, hospital e o que o convênio pode cobrir.","Quanto custa uma cirurgia plástica facial em São Paulo?","46","MedicalWebPage|Article|Physician|FAQPage|BreadcrumbList","14","23","5","5","40145","nenhum arquivo local >5 MB referenciado","N/D individual","nenhum bloqueio técnico observado","P2","fato observado+cálculo","site público+repositório","2026-08-15 09:39-10:01 UTC-03","GET público+parser HTML+grafo local","snapshot","CWV/mobile visual/GSC N/D","alta"
"https://draamandaschroeder.com.br/conteudos/quanto-custa-lifting-facial-sao-paulo/","conteudos/quanto-custa-lifting-facial-sao-paulo/index.html","200","0 (URL canônica)","https://draamandaschroeder.com.br/conteudos/quanto-custa-lifting-facial-sao-paulo/","permitida; sem noindex/X-Robots impeditivo","sim","Quanto custa um lifting facial em São Paulo? | Dra. Amanda","Preço do lifting facial em São Paulo: minilifting de R$ 18–25 mil e lifting de R$ 26–42 mil. Veja composição e formas de pagamento.","Quanto custa um lifting facial em São Paulo?","28","MedicalWebPage|Article|MedicalProcedure|Physician|FAQPage|BreadcrumbList","4","22","6","6","28551","nenhum arquivo local >5 MB referenciado","N/D individual","guia não apareceu na primeira página da consulta diagnóstica; isso não prova desindexação","P2","fato observado+cálculo","site público+repositório+Google público","2026-08-15 09:39-10:01 UTC-03","GET público+parser HTML+grafo local+busca","snapshot","busca localizada; CWV/GSC N/D","média-alta"
"https://draamandaschroeder.com.br/conteudos/quanto-custa-cirurgia-plastica-mama-sao-paulo/","conteudos/quanto-custa-cirurgia-plastica-mama-sao-paulo/index.html","200","0 (URL canônica)","https://draamandaschroeder.com.br/conteudos/quanto-custa-cirurgia-plastica-mama-sao-paulo/","permitida; sem noindex/X-Robots impeditivo","sim","Quanto custa uma cirurgia de mama em São Paulo? | Dra. Amanda","Entenda o que compõe o valor de mastopexia, prótese e mamoplastia: equipe, anestesia, hospital, implantes, recuperação e pagamento.","Quanto custa uma cirurgia de mama em São Paulo?","23","MedicalWebPage|Article|MedicalProcedure|Physician|FAQPage|BreadcrumbList","3","23","6","6","22327","nenhum arquivo local >5 MB referenciado","N/D individual","nenhum bloqueio técnico observado","P2","fato observado+cálculo","site público+repositório","2026-08-15 09:39-10:01 UTC-03","GET público+parser HTML+grafo local","snapshot","CWV/mobile visual/GSC N/D","alta"
"https://draamandaschroeder.com.br/conteudos/quanto-custa-cirurgia-plastica-corporal-sao-paulo/","conteudos/quanto-custa-cirurgia-plastica-corporal-sao-paulo/index.html","200","0 (URL canônica)","https://draamandaschroeder.com.br/conteudos/quanto-custa-cirurgia-plastica-corporal-sao-paulo/","permitida; sem noindex/X-Robots impeditivo","sim","Quanto custa uma cirurgia plástica corporal em São Paulo? | Dra. Amanda","Entenda o que compõe o valor de lipoaspiração, abdominoplastia e cirurgias pós-emagrecimento: equipe, hospital, recuperação e pagamento.","Quanto custa uma cirurgia plástica corporal em São Paulo?","23","MedicalWebPage|Article|MedicalProcedure|Physician|FAQPage|BreadcrumbList","3","23","6","6","22723","nenhum arquivo local >5 MB referenciado","N/D individual","nenhum bloqueio técnico observado","P2","fato observado+cálculo","site público+repositório","2026-08-15 09:39-10:01 UTC-03","GET público+parser HTML+grafo local","snapshot","CWV/mobile visual/GSC N/D","alta"
"https://draamandaschroeder.com.br/conteudos/lifting-facial-ou-injetaveis/","conteudos/lifting-facial-ou-injetaveis/index.html","200","0 (URL canônica)","https://draamandaschroeder.com.br/conteudos/lifting-facial-ou-injetaveis/","permitida; sem noindex/X-Robots impeditivo","sim","Lifting Facial ou Injetáveis | Dra. Amanda Schroeder","Quando o incômodo é flacidez, perda de contorno ou aparência cansada, a dúvida não deveria começar pela técnica. Entenda o que cada abordagem consegue tratar.","Lifting facial ou procedimentos injetáveis: como entender a diferença","13","MedicalWebPage|Article|Physician|MedicalClinic|BreadcrumbList","9","11","4","4","16491","4,07 MB de vídeo referenciado; abaixo do limiar local de 5 MB","N/D individual","lastmod 2026-08-09 difere de dateModified 2026-07-11","P1","fato observado+cálculo","site público+repositório","2026-08-15 09:39-10:01 UTC-03","GET público+parser HTML+grafo local","snapshot","datas exigem verdade editorial; CWV/GSC N/D","alta"
"https://draamandaschroeder.com.br/conteudos/blefaroplastia-quando-faz-sentido/","conteudos/blefaroplastia-quando-faz-sentido/index.html","200","0 (URL canônica)","https://draamandaschroeder.com.br/conteudos/blefaroplastia-quando-faz-sentido/","permitida; sem noindex/X-Robots impeditivo","sim","Blefaroplastia e Aspecto Cansado | Dra. Amanda Schroeder","Nem toda aparência cansada é causada pelo mesmo problema. Excesso de pele, bolsas, sobrancelha, sulcos e qualidade da pele precisam ser avaliados em conjunto.","Blefaroplastia: quando o aspecto cansado pode vir das pálpebras","11","MedicalWebPage|Article|Physician|MedicalClinic|BreadcrumbList","6","11","4","4","15203","nenhum arquivo local >5 MB referenciado","N/D individual","lastmod 2026-08-09 difere de dateModified 2026-07-11","P1","fato observado+cálculo","site público+repositório","2026-08-15 09:39-10:01 UTC-03","GET público+parser HTML+grafo local","snapshot","datas exigem verdade editorial; CWV/GSC N/D","alta"
"https://draamandaschroeder.com.br/conteudos/mastopexia-com-ou-sem-protese/","conteudos/mastopexia-com-ou-sem-protese/index.html","200","0 (URL canônica)","https://draamandaschroeder.com.br/conteudos/mastopexia-com-ou-sem-protese/","permitida; sem noindex/X-Robots impeditivo","sim","Mastopexia com ou sem Prótese | Dra. Amanda Schroeder","A dúvida costuma surgir quando a paciente deseja elevar a mama, mas não sabe se precisa acrescentar volume. A resposta depende de tecidos, formato e expectativa.","Mastopexia com ou sem prótese: o que muda na decisão","10","MedicalWebPage|Article|Physician|MedicalClinic|BreadcrumbList","5","11","4","4","14934","nenhum arquivo local >5 MB referenciado","N/D individual","lastmod 2026-08-09 difere de dateModified 2026-07-11","P1","fato observado+cálculo","site público+repositório","2026-08-15 09:39-10:01 UTC-03","GET público+parser HTML+grafo local","snapshot","datas exigem verdade editorial; CWV/GSC N/D","alta"
"https://draamandaschroeder.com.br/conteudos/lipoaspiracao-ou-abdominoplastia/","conteudos/lipoaspiracao-ou-abdominoplastia/index.html","200","0 (URL canônica)","https://draamandaschroeder.com.br/conteudos/lipoaspiracao-ou-abdominoplastia/","permitida; sem noindex/X-Robots impeditivo","sim","Lipoaspiração ou Abdominoplastia | Dra. Amanda Schroeder","Gordura localizada, excesso de pele e alteração da parede abdominal pedem estratégias diferentes. Entender essa diferença evita expectativas irreais.","Lipoaspiração ou abdominoplastia: por que não são a mesma cirurgia","10","MedicalWebPage|Article|Physician|MedicalClinic|BreadcrumbList","6","12","4","4","14855","nenhum arquivo local >5 MB referenciado","N/D individual","lastmod 2026-08-09 difere de dateModified 2026-07-11","P1","fato observado+cálculo","site público+repositório","2026-08-15 09:39-10:01 UTC-03","GET público+parser HTML+grafo local","snapshot","datas exigem verdade editorial; CWV/GSC N/D","alta"
"https://draamandaschroeder.com.br/conteudos/recuperacao-lifting-facial/","conteudos/recuperacao-lifting-facial/index.html","200","0 (URL canônica)","https://draamandaschroeder.com.br/conteudos/recuperacao-lifting-facial/","permitida; sem noindex/X-Robots impeditivo","sim","Recuperação do Lifting Facial | Dra. Amanda Schroeder","A recuperação não é apenas o número de dias até voltar ao trabalho. Edema, rotina, apoio, retornos e adaptação social precisam ser organizados.","Recuperação do lifting facial: o que planejar antes da cirurgia","11","MedicalWebPage|Article|Physician|MedicalClinic|BreadcrumbList","9","11","4","4","16115","nenhum arquivo local >5 MB referenciado","N/D individual","lastmod 2026-08-09 difere de dateModified 2026-07-10","P1","fato observado+cálculo","site público+repositório","2026-08-15 09:39-10:01 UTC-03","GET público+parser HTML+grafo local","snapshot","datas exigem verdade editorial; CWV/GSC N/D","alta"
"https://draamandaschroeder.com.br/conteudos/cicatrizes-cirurgia-de-mama/","conteudos/cicatrizes-cirurgia-de-mama/index.html","200","0 (URL canônica)","https://draamandaschroeder.com.br/conteudos/cicatrizes-cirurgia-de-mama/","permitida; sem noindex/X-Robots impeditivo","sim","Cicatrizes na Cirurgia de Mama | Dra. Amanda Schroeder","O desenho da cicatriz não é escolhido isoladamente. Ele resulta da quantidade de pele, posição da aréola, volume e remodelação necessária.","Cicatrizes na cirurgia de mama: o que determina o formato","9","MedicalWebPage|Article|Physician|MedicalClinic|BreadcrumbList","7","11","4","4","14172","nenhum arquivo local >5 MB referenciado","N/D individual","lastmod 2026-08-09 difere de dateModified 2026-07-10","P1","fato observado+cálculo","site público+repositório","2026-08-15 09:39-10:01 UTC-03","GET público+parser HTML+grafo local","snapshot","datas exigem verdade editorial; CWV/GSC N/D","alta"
"https://draamandaschroeder.com.br/conteudos/cirurgia-plastica-apos-emagrecimento/","conteudos/cirurgia-plastica-apos-emagrecimento/index.html","200","0 (URL canônica)","https://draamandaschroeder.com.br/conteudos/cirurgia-plastica-apos-emagrecimento/","permitida; sem noindex/X-Robots impeditivo","sim","Cirurgia Plástica após Emagrecimento | Dra. Amanda Schroeder","Após grande perda de peso, várias áreas podem incomodar ao mesmo tempo. O plano costuma ser mais seguro quando é construído por etapas.","Cirurgia plástica após emagrecimento: como organizar prioridades","9","MedicalWebPage|Article|Physician|MedicalClinic|BreadcrumbList","6","12","4","4","14316","nenhum arquivo local >5 MB referenciado","N/D individual","lastmod 2026-08-09 difere de dateModified 2026-07-10","P1","fato observado+cálculo","site público+repositório","2026-08-15 09:39-10:01 UTC-03","GET público+parser HTML+grafo local","snapshot","datas exigem verdade editorial; CWV/GSC N/D","alta"
"https://draamandaschroeder.com.br/conteudos/como-escolher-protese-de-mama/","conteudos/como-escolher-protese-de-mama/index.html","200","0 (URL canônica)","https://draamandaschroeder.com.br/conteudos/como-escolher-protese-de-mama/","permitida; sem noindex/X-Robots impeditivo","sim","Como Escolher a Prótese de Mama | Dra. Amanda Schroeder","A escolha não começa em um volume isolado. Base mamária, tórax, tecidos e preferência de resultado precisam conversar entre si.","Como é escolhida a prótese de mama: além do número de mililitros","9","MedicalWebPage|Article|Physician|MedicalClinic|BreadcrumbList","6","11","4","4","14224","nenhum arquivo local >5 MB referenciado","N/D individual","lastmod 2026-08-09 difere de dateModified 2026-07-10","P1","fato observado+cálculo","site público+repositório","2026-08-15 09:39-10:01 UTC-03","GET público+parser HTML+grafo local","snapshot","datas exigem verdade editorial; CWV/GSC N/D","alta"
"https://draamandaschroeder.com.br/conteudos/botox-preenchimento-bioestimulador/","conteudos/botox-preenchimento-bioestimulador/index.html","200","0 (URL canônica)","https://draamandaschroeder.com.br/conteudos/botox-preenchimento-bioestimulador/","permitida; sem noindex/X-Robots impeditivo","sim","Toxina botulínica, Preenchimento ou Bioestimulador | Dra. Amanda","Os três tratamentos não são versões diferentes da mesma coisa. Eles atuam sobre movimento, volume e qualidade dos tecidos.","Toxina botulínica, preenchimento ou bioestimulador: qual problema cada um trata","9","MedicalWebPage|Article|Physician|MedicalClinic|BreadcrumbList","6","11","4","4","14444","nenhum arquivo local >5 MB referenciado","N/D individual","lastmod 2026-08-09 difere de dateModified 2026-07-10","P1","fato observado+cálculo","site público+repositório","2026-08-15 09:39-10:01 UTC-03","GET público+parser HTML+grafo local","snapshot","datas exigem verdade editorial; CWV/GSC N/D","alta"
"https://draamandaschroeder.com.br/conteudos/consulta-cirurgia-plastica/","conteudos/consulta-cirurgia-plastica/index.html","200","0 (URL canônica)","https://draamandaschroeder.com.br/conteudos/consulta-cirurgia-plastica/","permitida; sem noindex/X-Robots impeditivo","sim","Como funciona a consulta de cirurgia plástica | Dra. Amanda","Veja o que acontece na consulta com a Dra. Amanda, o que está incluído, valor, formas de pagamento, avaliação, orçamento e próximos passos.","Como funciona a consulta com a Dra. Amanda.","9","MedicalWebPage|Article|Physician|FAQPage|BreadcrumbList","13","21","5","5","16491","12,77 MB de vídeo referenciado; preload=metadata","N/D individual","sem revisão/data visível detectável; mudança é editorial; risco de mídia","P1","fato observado+cálculo+inferência","site público+repositório","2026-08-15 09:39-10:01 UTC-03","GET público+parser HTML+grafo local","snapshot","CWV/mobile/GSC N/D","alta"
"https://draamandaschroeder.com.br/conteudos/seguranca-cirurgia-plastica/","conteudos/seguranca-cirurgia-plastica/index.html","200","0 (URL canônica)","https://draamandaschroeder.com.br/conteudos/seguranca-cirurgia-plastica/","permitida; sem noindex/X-Robots impeditivo","sim","Segurança na cirurgia plástica: como o planejamento reduz riscos | Dra. Amanda Schroeder","Exames, anestesia, hospital, tempo cirúrgico, apoio e comunicação fazem parte de um plano seguro antes, durante e depois da cirurgia.","Segurança não começa no centro cirúrgico.","19","MedicalWebPage|Article|Physician","5","8","5","5","12228","5,18 MB de mídia referenciada; maior 5,13 MB; vídeo preload=none","N/D individual","sem revisão/data/fonte externa editorial detectável; mudança é editorial","P1","fato observado+cálculo","site público+repositório","2026-08-15 09:39-10:01 UTC-03","GET público+parser HTML+grafo local","snapshot","adequação médica não inferida; CWV/GSC N/D","alta"
"https://draamandaschroeder.com.br/conteudos/naturalidade-envelhecimento/","conteudos/naturalidade-envelhecimento/index.html","200","0 (URL canônica)","https://draamandaschroeder.com.br/conteudos/naturalidade-envelhecimento/","permitida; sem noindex/X-Robots impeditivo","sim","Naturalidade e envelhecimento: quando cuidar não significa transformar | Dra. Amanda Schroeder","Prevenção, limites e respeito à identidade ajudam a construir resultados coerentes, sem perseguir padrões ou apagar a expressão individual.","Naturalidade e envelhecimento: quando cuidar não significa transformar","7","MedicalWebPage|Article|Physician","4","11","3","3","8064","nenhum arquivo local >5 MB referenciado","N/D individual","lastmod 2026-08-09 difere de dateModified 2026-07-11; sem revisão/fonte externa detectável","P1","fato observado+cálculo","site público+repositório","2026-08-15 09:39-10:01 UTC-03","GET público+parser HTML+grafo local","snapshot","mudança é editorial; CWV/GSC N/D","alta"
"https://draamandaschroeder.com.br/conteudos/lipoenxertia-facial/","conteudos/lipoenxertia-facial/index.html","200","0 (URL canônica)","https://draamandaschroeder.com.br/conteudos/lipoenxertia-facial/","permitida; sem noindex/X-Robots impeditivo","sim","Lipoenxertia facial: como a gordura pode restaurar volumes | Dra. Amanda Schroeder","A gordura da própria paciente pode ser utilizada em áreas selecionadas do rosto, com planejamento de volume, integração aos tecidos e expectativas realistas.","Lipoenxertia facial: como a gordura pode restaurar volumes","6","MedicalWebPage|Article|Physician","3","11","3","3","7699","nenhum arquivo local >5 MB referenciado","N/D individual","lastmod 2026-08-09 difere de dateModified 2026-07-11; sem revisão/fonte externa detectável","P1","fato observado+cálculo","site público+repositório","2026-08-15 09:39-10:01 UTC-03","GET público+parser HTML+grafo local","snapshot","mudança é editorial; CWV/GSC N/D","alta"
"https://draamandaschroeder.com.br/conteudos/papada-contorno-cervical/","conteudos/papada-contorno-cervical/index.html","200","0 (URL canônica)","https://draamandaschroeder.com.br/conteudos/papada-contorno-cervical/","permitida; sem noindex/X-Robots impeditivo","sim","Papada, flacidez e perda do contorno cervical: o que avaliar | Dra. Amanda Schroeder","Gordura, pele, músculo e projeção do queixo podem participar da perda de definição entre rosto e pescoço. Cada estrutura pede uma estratégia diferente.","Papada, flacidez e perda do contorno cervical: o que avaliar","6","MedicalWebPage|Article|Physician","1","11","3","3","7567","nenhum arquivo local >5 MB referenciado","N/D individual","lastmod 2026-08-09 difere de dateModified 2026-07-11; só um inlink; sem revisão/fonte externa","P1","fato observado+cálculo","site público+repositório","2026-08-15 09:39-10:01 UTC-03","GET público+parser HTML+grafo local","snapshot","não órfã; mudança é editorial; GSC N/D","alta"
"https://draamandaschroeder.com.br/conteudos/cuidados-cicatrizacao-cirurgia/","conteudos/cuidados-cicatrizacao-cirurgia/index.html","200","0 (URL canônica)","https://draamandaschroeder.com.br/conteudos/cuidados-cicatrizacao-cirurgia/","permitida; sem noindex/X-Robots impeditivo","sim","Cuidados que interferem na cicatrização depois da cirurgia | Dra. Amanda Schroeder","Cicatrização depende da técnica, da biologia individual e dos cuidados após o procedimento. Conhecer fatores modificáveis ajuda a planejar uma recuperação mais segura.","Cuidados que interferem na cicatrização depois da cirurgia","6","MedicalWebPage|Article|Physician","4","11","3","3","7769","nenhum arquivo local >5 MB referenciado","N/D individual","lastmod 2026-08-09 difere de dateModified 2026-07-11; sem revisão/fonte externa detectável","P1","fato observado+cálculo","site público+repositório","2026-08-15 09:39-10:01 UTC-03","GET público+parser HTML+grafo local","snapshot","mudança é editorial; CWV/GSC N/D","alta"
"https://draamandaschroeder.com.br/privacidade/","privacidade/index.html","200","0 (URL canônica)","https://draamandaschroeder.com.br/privacidade/","permitida; sem noindex/X-Robots impeditivo","sim","Política de Privacidade | Dra. Amanda Schroeder","Entenda como o site da Dra. Amanda Schroeder utiliza cookies, dados de navegação e canais de contato, além de como exercer seus direitos de privacidade.","Política de Privacidade e Cookies","8","nenhum","44","14","0","0","9829","nenhum arquivo local >5 MB referenciado","N/D individual","ausência de JSON-LD não é erro por si só","P2","fato observado+cálculo","site público+repositório","2026-08-15 09:39-10:01 UTC-03","GET público+parser HTML+grafo local","snapshot","CWV/mobile visual/GSC N/D","alta"
