"id","prioridade","status_execucao","publicacao_live","evidencia_ou_motivo","pendencia_exata","proxima_acao_autorizada"
"SEC-001","P0","parcial_local_nao_publicado","nao_publicado_nao_verificado","Apps Script local gera LIV-QL-v1 por HMAC; rejeita formato inseguro; prevê quarentena e migração confirmada","Histórico Google não lido; nenhuma planilha externa foi escrita ou migrada","Auditar histórico somente leitura; depois planejar migração separada com autorização específica"
"SEC-002","P0","parcial_local_nao_publicado","nao_publicado_nao_verificado","Envelope operacional usa categoria; motivo; timestamp e correlation ID HMAC; claimant C1 usa HMAC separado; purge limitado tem testes locais verdes","Retenção; acesso; backups e expurgo de sistemas externos não definidos; purge ainda sem deploy ou observação live","Aprovar política operacional/jurídica; configurar segredos no pacote autorizado; publicar default-off e verificar logs e purge"
"SEC-003","P0","implementado_local_nao_publicado","nao_publicado_nao_verificado","Build estático exclui auditorias e teste local cobre rota sentinela fora do artefato","Commit aprovado; deploy e smoke 404 live ausentes","Revisar artefato; commitar pacote intencional; publicar apenas com autorização e executar smoke"
"SEC-004","P1","bloqueado_externo_ou_juridico","nao_inspecionado","Purge diário limitado de J1/claims e J2 expirados está preparado e coberto por testes locais; nenhuma política externa foi inventada","Necessidade; acesso; backups; retenção e obrigação legal dos sistemas externos exigem inventário e decisão","Inventariar sistemas e obter decisão jurídica antes de qualquer expurgo externo; verificar o purge do backend após publicação autorizada"
"CNS-001","P1","parcial_local_nao_publicado","nao_publicado_nao_verificado","Configuração local está em modo básico e texto de privacidade possui ajuste local","Parecer LGPD e reconciliação live entre flag; loader; política e plataformas ausentes","Aprovar decisão única de privacidade; testar rede e publicar tudo no mesmo pacote autorizado"
"ATR-001","P0","bloqueado_externo_ou_juridico","nao_inspecionado","Não houve sonda Meta live nem mudança de gasto","Contrato; autorização Meta; sonda controlada e reconciliação LEADS=CRM ausentes","Manter gasto novo em zero; corrigir gates locais e executar sonda autorizada"
"ATR-002","P0","parcial_local_nao_publicado","nao_publicado_nao_verificado","Jornada separa first; last; last non-direct e conversa atual; provider Event ID e Opportunity ID cumprem papéis de join distintos","Ledger E2E imutável e equivalência live das projeções não comprovados","Fechar QA local; testar retries e reconciliar projeções em sonda autorizada"
"ATR-003","P0","implementado_local_nao_publicado","nao_publicado_nao_verificado","Envelope local normaliza Meta campaign; adset; ad; landing; CTA e limita tamanhos","Publicação e prova E2E com campanha Meta real ausentes","Manter contrato mínimo; publicar default-off e validar em sonda controlada"
"ATR-004","P0","implementado_local_nao_publicado","nao_publicado_nao_verificado","TTL local é absoluto; o primeiro registro congela todo o envelope J2; retry equivalente não regrava e divergência; vencimento ou corrida falham fechados; purge tem testes verdes","Nenhuma expiração ou remoção física foi observada live; função agendada e segredo manual ainda não foram publicados","Publicar default-off somente com autorização; observar a primeira execução e validar retenção sem dados pessoais nos logs"
"ATR-005","P1","parcial_local_nao_publicado","nao_publicado_nao_verificado","J1 single-use é rotacionado; C1 HMAC vincula o claim após o primeiro resgate; JID é removido antes do bot e de Sheets; click IDs saem do texto no modo rico","JID continua visível; editável e encaminhável; remoção/edição perde resolução e encaminhamento antes do primeiro claim pode atribuir ao destinatário","Decidir e documentar aceitação do risco ou comprovar alternativa; atualizar privacidade; só então executar sonda controlada"
"ATR-006","P0","bloqueado_externo_ou_juridico","nao_inspecionado","Não houve leitura ou escrita autorizada na Meta nem catálogo externo validado","Códigos estáveis e mapeamento campanha/conjunto/anúncio dependem da Meta","Definir catálogo versionado; depois aplicar parâmetros em trabalho externo autorizado"
"ATR-007","P1","parcial_local_nao_publicado","nao_publicado_nao_verificado","reported_origin possui campo e projeção próprios em eventos; CRM e LEADS; enum fechado; confiança patient_reported e preenchimento sem sobrescrever first/current observados","Não há produtor estruturado nem operação live; nenhum texto livre deve ser interpretado automaticamente","Definir entrada humana explícita e autorizada; validar projeção no alvo canônico sem inferência por mensagem"
"ATR-008","P1","parcial_local_nao_publicado","nao_publicado_nao_verificado","Logs locais padronizam categoria; motivo; status; timestamp e correlation ID; retries preservam idempotência","Alerta agregado sem PII não foi comprovado","Definir agregado por categoria/janela; testar deduplicação sem conteúdo ou IDs reversíveis"
"ATR-009","P1","parcial_local_nao_publicado","nao_publicado_nao_verificado","Registro canônico v1 documenta G26; M26; legados; valor bruto versus resolvido e conflito M26O01W; backfill local falha fechado para esse conflito","Aliases das plataformas e reconciliação histórica completa ainda não foram validados por evidência determinística","Validar catálogo externo somente leitura; versionar aliases 1:1 e manter conflitos como N/D"
"DAT-001","P0","bloqueado_externo_ou_juridico","nao_inspecionado","Estados locais de preparação não provam receipt do Google Data Manager","Job; receipt; aceitação; erro e reconciliação externa não observados","Obter acesso somente leitura; exportar recibos e definir escrita em pacote separado"
"DAT-002","P2","implementado_local_nao_publicado","nao_publicado_nao_verificado","Schema v1 aditivo; flag default-off; preflight; dry-run e confirmações aparecem no Apps Script local","Alvo real; consumidores e migração em cópia não verificados","Validar alvo canônico antes de escrita; rodar dry-run e aprovar migração separada"
"DAT-003","P1","parcial_local_nao_publicado","nao_publicado_nao_verificado","Projeções locais preservam first touch e atualizam current touch por timestamp; testes cobrem dimensões inicial e atual separadas","Referência bruta legada pode divergir da projeção canônica; ledger E2E atômico e equivalência live LEADS=CRM não foram comprovados","Executar sonda autorizada após schema; comparar a mesma Opportunity ID e expor bruto versus resolvido sem sobrescrever"
"DAT-004","P2","parcial_local_nao_publicado","nao_publicado_nao_verificado","Migração local possui backfill separado; confiança/fallback; dry-run zero-write e guarda determinística para o conflito M26O01W","Aliases externos; revisão histórica e migração no alvo real não foram executados","Aceitar somente chaves 1:1; registrar método/data/confiança; manter ambíguos N/D e exigir autorização separada para aplicar"
"DAT-005","P2","parcial_local_nao_publicado","nao_publicado_nao_verificado","Painéis locais ganharam métricas de SLA; rota e gate composto com N/D seguro quando falta evidência","Schema de atribuição; dados live e fonte runtime verificada para P0/P1 vencidos ainda não existem","Publicar somente após autorização; estabelecer baseline e completar o painel de atribuição depois da reconciliação"
"SEO-001","P1","bloqueado_externo_ou_juridico","nao_inspecionado","Estado Wix; DNS e Search Console não foi consultado nesta execução","Propriedade; indexação e mapa de URLs reais dependem de acesso externo","Ler estado real; só depois propor 301; canonical ou remoção"
"SEO-002","P1","implementado_local_nao_publicado","nao_publicado_nao_verificado","Gate local cobre 200 esperado; canonical; robots; H1; sitemap; órfãos e redirects","CI/publicação e smoke live não executados","Revisar relatório; commitar e usar o gate no fluxo autorizado de deploy"
"SEO-003","P2","planejado","nao_se_aplica","Não há baseline novo Lighthouse; WebPageTest ou CrUX neste trabalho","Baseline e experimento por classe de recurso ausentes","Capturar baseline antes de otimizar e alterar uma classe por teste"
"AI-001","P2","parcial_local_nao_publicado","nao_publicado_nao_verificado","robots.txt local separa OAI-SearchBot e GPTBot e o teste cobre ambas as regras","Decisão formal; validação de IP e observação live não concluídas","Registrar decisão explícita e validar tecnicamente sem prometer indexação ou citação"
"AI-002","P1","bloqueado_externo_ou_juridico","nao_inspecionado","Nenhuma ficha factual aprovada ou perfil externo foi alterado","CRM; RQE; vínculos e perfis exigem validação documental e aprovação textual","Montar ficha somente leitura; validar fatos; editar schema/perfis apenas depois"
"AI-003","P2","parcial_local_nao_publicado","nao_publicado_nao_verificado","Jornada local captura referrer_type e ai_source em lista limitada com confiança","Cobertura live e enum final não verificados","Completar enum; testar referrers explícitos e manter desconhecido sem evidência"
"COM-001","P0","parcial_local_nao_publicado","nao_publicado_nao_verificado","As faixas cirúrgicas de lifting foram removidas localmente das páginas públicas e a resposta privada do bot recebeu salvaguardas; Google Ads permaneceu somente leitura","Publicação; verificação em produção e parecer Codame ou jurídico ainda pendentes; a mudança reduz risco mas não garante conformidade","Concluir QA; obter autorização de publicação; manter os dois grupos; revisar a operação em 28 dias e preferencialmente após 100 cliques no grupo de preço"
"COM-002","P0","bloqueado_externo_ou_juridico","nao_inspecionado","Nenhuma nova alegação de ranking foi implementada","Validação médica/Codame e inventário de vistas faltam","Congelar reuso; validar casos e autorização antes de qualquer edição"
"COM-003","P0","bloqueado_externo_ou_juridico","nao_inspecionado","Nenhum gate etário público foi criado","Abrangência normativa e parecer pendentes","Confirmar norma; inventariar rotas e só então desenhar gate acessível"
"COM-004","P0","bloqueado_externo_ou_juridico","nao_inspecionado","Nenhum documento sensível foi adicionado ao repositório","Inventário restrito de consentimento; finalidade; validade e revogação pendente","Manter inventário fora do repo público e obter decisão médica/jurídica"
"COM-005","P2","planejado","nao_se_aplica","Nenhum teste editorial novo foi executado","Hipótese; controle e métrica downstream ainda não aprovados","Escolher uma hipótese por página após fechar atribuição e baseline"
"EXT-001","P2","bloqueado_externo_ou_juridico","nao_inspecionado","Nenhuma submissão externa foi realizada","Depende de correções publicadas; acesso e verificação de canonical 200","Submeter somente URLs elegíveis após deploy autorizado e separar todos os estados"
"SEC-005","P0","parcial_local_nao_publicado","nao_publicado_nao_verificado","Evento local whatsapp_click usa payload genérico sem página; procedimento; CTA ou texto","Network; DebugView; GA4 live e parecer de privacidade ausentes","Validar sem paciente; aprovar política e só então publicar/configurar"
"DAT-000","P0","parcial_local_nao_publicado","nao_publicado_nao_verificado","Contrato documenta J0/J1/J2/C1; TTLs; descarte de JID; joins; enum; flags; migração separada e rollback; QA local está verde","Contrato não aprovado; linha JID e decisões externas de retenção; privacidade e acesso continuam abertas","Obter aprovação antes de publicar; manter feature/schema desligados e autorizar migração separadamente"
"COM-006","P1","bloqueado_externo_ou_juridico","nao_inspecionado","Nenhuma qualificação profissional nova foi publicada","Diploma; residência; título; CRM e RQE exigem validação documental","Validar documentos e aprovar redação canônica antes de propagar"
"COM-007","P1","planejado","nao_se_aplica","Nenhum bloco comercial novo foi implementado","Dados confirmados e dependência tributária de COM-011 pendentes","Aprovar conteúdo; depois testar bloco curto sem preço de procedimento"
"COM-008","P1","planejado","nao_se_aplica","Taxonomia de CTA não foi alterada neste pacote","Depende do fechamento da atribuição e possível ajuste de bot/WhatsApp","Testar agenda versus dúvida preservando página; código e mensagem"
"COM-009","P1","bloqueado_externo_ou_juridico","nao_inspecionado","Não houve reconciliação analytics/CRM de 28 ou 90 dias","Sessão; CTA; conversa; válido e qualificado dependem de leituras externas","Exportar períodos comparáveis somente leitura; formular teste depois"
"COM-010","P1","bloqueado_externo_ou_juridico","nao_inspecionado","Nenhuma revisão ou edição médica foi feita","Fontes primárias; autoria e revisão médica pendentes","Revisar afirmações e aprovar fontes antes de editar conteúdo"
"COM-011","P1","bloqueado_externo_ou_juridico","nao_inspecionado","Nenhuma promessa fiscal nova foi criada","Redação depende de validação tributária/jurídica","Validar norma oficial e usar linguagem condicional sem prometer benefício"
"COM-012","P2","planejado","nao_se_aplica","Nenhum acordeão ou sumário novo foi implementado","Teste editorial e acessibilidade pendentes","Testar conteúdo secundário sem ocultar riscos ou limites"
"COM-013","P1","bloqueado_externo_ou_juridico","nao_inspecionado","Contrato local define IDs opacos; funil E2E não foi medido","Leituras externas e sonda futura necessárias","Medir perdas por etapa após corrigir contrato e autorizar acessos"
"COM-014","P1","bloqueado_externo_ou_juridico","nao_inspecionado","Nenhum campo regulatório novo foi publicado","Documentos; enquadramento; Codame e jurídico pendentes","Inventariar e validar; publicar somente campos comprovados"
"SEO-004","P1","planejado","nao_se_aplica","Nenhuma fonte editorial única ou data foi alterada neste trabalho","Datas verdadeiras e aprovação editorial não fechadas","Criar fonte única e nunca usar data do deploy como revisão"
"SEO-005","P1","bloqueado_externo_ou_juridico","nao_inspecionado","Nenhum dado GSC autenticado foi exportado","Acesso somente leitura; filtros; fuso e período pendentes","Exportar Page Indexing; Sitemaps; Inspection; Results e CWV com metadados"
"SEO-006","P1","planejado","nao_se_aplica","Nenhum experimento de vídeo/poster foi concluído","Baseline e teste isolado por recurso ausentes","Medir baseline; testar poster; preload e interação sem trocar conteúdo"
"SEO-007","P2","planejado","nao_se_aplica","Nenhuma edição de link interno foi feita","Contexto editorial e âncoras úteis precisam de revisão","Propor links naturais após aprovação textual"
"SEO-008","P2","planejado","nao_se_aplica","Nenhuma transcrição ou VideoObject novo foi criado","Vídeos elegíveis; legenda e metadados verdadeiros não aprovados","Selecionar vídeos; aprovar transcrição e marcar somente páginas elegíveis"
"SEO-009","P2","planejado","nao_se_aplica","Nenhum subset/localização de fonte foi implementado","Baseline; licença e teste por template pendentes","Testar após baseline sem alterar tipografia aprovada"
"SEO-010","P2","bloqueado_externo_ou_juridico","nao_inspecionado","Nenhum log CDN/host foi consultado","Acesso host/CDN e validação IP/rDNS/ranges oficiais necessários","Desenhar observabilidade anonimizada sem query; ID pessoal ou conteúdo"
"AI-004","P2","bloqueado_externo_ou_juridico","nao_inspecionado","Nenhum relatório Bing Webmaster foi exportado","Acesso e período externo pendentes","Exportar somente leitura e separar citação; crawl; tráfego e conversão"
"AI-005","P2","bloqueado_externo_ou_juridico","nao_inspecionado","Nenhum protocolo externo mensal foi executado","Autorização operacional; consultas; localidade e repetições pendentes","Executar protocolo fixo após autorização e não confundir citação com tráfego"
"AI-006","P3","planejado","nao_se_aplica","Recomendação é manter experimento adiado","Baseline canônico ainda ausente","Não criar llms.txt agora; reconsiderar somente após baseline"
"SEC-006","P1","parcial_local_nao_publicado","nao_publicado_nao_verificado","Apps Script local usa pseudônimo HMAC versionado e migração separada com confirmação","Threat model; rotação; aliases protegidos e estado externo não verificados","Aprovar threat model; configurar segredo e migrar somente em pacote autorizado"
"CAL-001","P0","parcial_local_nao_publicado","nao_publicado_nao_verificado","Código local exige Opportunity ID opaco e campos válidos; cancelamento/falta/remoto só limpam após deleção confirmada; troca de Calendar remove o anterior antes de criar o novo e falha fechada","Reconciliação real; cobertura; sala/equipe e comportamento do alvo canônico não foram verificados","Validar alvo e Calendar após autorização; executar dry-run e reportar N/D onde faltar vínculo"
"SLA-001","P1","parcial_local_nao_publicado","nao_publicado_nao_verificado","Denominador local inclui inbound elegível com rota pendente; rejeita datas/respostas inválidas; zero denominador vira N/D; gates exigem SLA 95%; rota 99% e zero P0/P1 vencido","Dados live; cobertura histórica e fonte runtime verificada para P0/P1 vencidos continuam ausentes; gate composto é N/D","Publicar somente após autorização; medir no alvo e manter gate fechado até os três componentes terem evidência"
"GAD-001","P0","bloqueado_externo_ou_juridico","nao_inspecionado","Nenhuma configuração Google Ads foi lida ou alterada","Ação principal/secundária; goals da campanha e recibos exigem acesso","Inspecionar somente leitura; não mudar lances até recibos e sete dias sem alerta"
"STR-001","P1","planejado","nao_se_aplica","Norte e histórico não foram alterados neste trabalho","Depende da reconciliação CAL-001 e de evidência suficiente","Após reconciliação; registrar fato; limitação e hipótese sem causalidade indevida"
"OPS-001","P0","parcial_local_nao_publicado","nao_publicado_nao_verificado","Suíte integral 651/651; gate e build 44/44; artefato local com 173 arquivos e zero auditoria; diff check limpo","Não há commit intencional; hash publicado; deploy; smoke live; segredo ou alvo Apps Script verificados","Revisar diff final; criar commit aprovado e publicar default-off somente após autorização explícita"
"OBS-001","P2","parcial_local_nao_publicado","nao_publicado_nao_verificado","Plano de mensuração existe e lembretes condicionais foram agendados para publicação e revisões de 7; 28 e 90 dias","Nenhuma janela começa antes da publicação real; baseline operacional novo e coleta live ainda não existem","No dia da publicação registrar versão e baseline; se a data mudar reschedule; observar diário e revisar 7/28/90 dias com N/D explícito"
