"prioridade","classificacao","campanha","grupo","tipo","texto_atual","texto_sugerido","caracteres","intencao","hipotese","evidencia","risco","metrica_principal","guardrail","duracao_minima","regra_manter","regra_reverter"
"P2","Testar","S_BR_SP_MARCA","AG_MARCA","Título RSA","{Keyword:Consulta Pinheiros}","Site Oficial da Dra. Amanda","27","Marca/navegação","Distinguir o domínio oficial do resultado antigo sem depender de inserção dinâmica.","15 impressões e 2 cliques em 30d; baixo volume, portanto teste oportunista.","Baixo; pode reduzir variação semântica.","CTR de marca e contatos válidos","Não reduzir parcela de impressões de marca abaixo de 90%.","28 dias ou 30 cliques","Manter se CTR não cair >20% e houver continuidade ao site.","Reverter se cobertura/CTR cair sem ganho de contato."
"P1","Testar","S_BR_SP_BLEFAROPLASTIA","AG_BLEFAROPLASTIA","Título RSA","Avaliação do Olhar","Plástica das Pálpebras","22","Linguagem leiga direta","Aumentar aderência às buscas leigas sem classificar o termo como irrelevante.","As versões frase+exata somaram 163 cliques e R$235,74; 0 conversões agregadas atribuídas à palavra, com rastreamento qualificado incompleto.","Pode elevar clique de pesquisa inicial.","Taxa de contato válido e CPQL do termo","CPC +25% ou contato válido -20%.","14 dias e ≥50 cliques no teste","Manter se contato válido/qualificado melhorar sem piorar guardrail.","Reverter se aumentar clique sem avanço no funil."
"P1","Testar","S_BR_SP_BLEFAROPLASTIA","AG_BLEFAROPLASTIA","Título RSA","Consulta Particular em SP","Consulta Particular R$ 500","26","Pré-qualificação comercial","Reduzir contatos incompatíveis com atendimento particular antes do clique.","R$689,46 e 473 cliques em 30d; apenas 1 resultado qualificado rotulado.","Pode reduzir CTR e volume de contatos que ainda aceitariam o valor.","Taxa de lead qualificado por clique","CTR não cair >20%; CPC não subir >25%.","14 dias e ≥50 cliques por variante","Manter se CPQL cair e volume qualificado não cair.","Reverter se qualificados caírem >20%."
"P1","Testar","S_BR_SP_BLEFAROPLASTIA","AG_BLEFAROPLASTIA","Descrição RSA","Entenda cicatrizes, recuperação, riscos e limites durante a consulta médica.","Consulta particular em Pinheiros por R$ 500. Avalie indicação, limites e recuperação.","85","Pré-qualificação + segurança","Combinar preço da consulta com linguagem médica sóbria.","A campanha lidera gasto e CTR, mas o downstream é incompleto.","Redução de cliques por preço explícito.","Contato válido/clique e CPQL","CTR -20% e zero qualificado após 50 cliques.","14 dias e ≥50 cliques","Manter se a qualidade melhorar com volume aceitável.","Reverter se só reduzir volume."
"P1","Testar","S_BR_SP_LIFTING_CERVICAL","AG_CERVICOPLASTIA","Título RSA","Contorno sem Aspecto Esticado","Lifting Cervical ou Lipo?","25","Diagnóstico diferencial","Responder melhor à dúvida cirurgia versus lipo e reduzir promessa implícita.","RSA 'Na média'; 177 cliques, R$227,57 e 4 conversões agregadas em 30d, sem resultado qualificado.","Pode canibalizar a mensagem do grupo de lipo.","Contato válido e CPQL","CPC +25%; termos de lipo no grupo cervical +20%.","14 dias e ≥50 cliques","Manter se aumentar contato válido e não deslocar termos.","Reverter se elevar canibalização ou piorar qualidade."
"P1","Testar","S_BR_SP_LIFTING_CERVICAL","AG_CERVICOPLASTIA","Título RSA","Face e Pescoço em Harmonia","Consulta Particular R$ 500","26","Pré-qualificação comercial","Filtrar expectativa de atendimento gratuito/convênio.","Termos de alternativas e convênio apareceram no recorte; downstream qualificado N/D.","Menor CTR.","Lead qualificado/clique","CTR -20% e nenhuma melhora de qualidade.","14 dias e ≥50 cliques","Manter se CPQL melhorar.","Reverter se apenas perder volume."
"P1","Testar","S_BR_SP_LIFTING_FACIAL","AG_LIFTING_FACIAL","Título RSA","Rejuvenescer com Naturalidade","Lifting, Mini ou Não Operar","27","Decisão clínica sem pressão","Diferenciar pela avaliação criteriosa e reduzir repetição de 'naturalidade'.","492 cliques, R$681,27, 17 conversões agregadas e 1 resultado qualificado em 30d.","Título menos transacional.","Lead qualificado/clique","Cliques -25% sem ganho de qualidade.","14 dias após a importação ficar segura","Manter se qualidade aumentar sem supressão relevante.","Reverter se volume cair sem ganho de qualidade."
"P1","Testar","S_BR_SP_LIFTING_FACIAL","AG_LIFTING_FACIAL","Título RSA","Ver Disponibilidade","Consulta Particular R$ 500","26","Pré-qualificação","Antecipar custo da consulta e reduzir contatos incompatíveis.","Maior volume da conta; sinal qualificado ainda baixo.","Queda de CTR.","CPQL e qualificados","CTR -20% e qualificados -20%.","14 dias e ≥50 cliques por variante","Manter se CPQL cair.","Reverter se qualificados caírem."
"P2","Testar","S_BR_SP_LIFTING_FACIAL","AG_LIFTING_FACIAL_PRECO","Título RSA","Resultado Natural e Individual","Faixas de Preço e Custos","24","Preço/educação","Explicitar que a página responde faixas e componentes do orçamento.","36 cliques, R$45,03 e 0 conversões agregadas; amostra pequena.","Atrair pesquisa puramente comparativa.","Contato válido/clique","CPC +25% ou engajamento -20%.","28 dias ou ≥50 cliques","Manter se gerar primeiro qualificado ou elevar contato válido.","Reverter se aumentar clique sem contato."
"P2","Testar","S_BR_SP_LIFTING_FACIAL","AG_LIFTING_FACIAL_PRECO","Descrição RSA","Entenda como equipe, anestesia e hospital compõem o investimento da cirurgia facial.","Veja faixas de referência e o que compõe o orçamento antes de decidir pela avaliação.","85","Preço/educação","Alinhar anúncio ao conteúdo real da página sem prometer preço final.","Página responde faixas, mas 36 cliques ainda sem conversão agregada.","Pode aumentar tráfego informacional.","Contato válido e profundidade da página","Zero contato válido após 50 novos cliques.","28 dias ou ≥50 cliques","Manter se houver avanço de funil.","Reverter se só elevar consumo informacional."
"P1","Corrigir agora","S_BR_SP_OTOPLASTIA","Adulto","Título RSA","Orelhas mais proporcionais (duplicado)","Técnica e Recuperação","21","Informação clínica","Remover duplicidade e ampliar variedade sem promessa de resultado.","Dois títulos equivalentes no mesmo RSA; 134 cliques em 30d.","Baixo.","Contato válido/clique","CTR -20%.","14 dias após correção","Manter se cobertura e qualidade não piorarem.","Reverter apenas se houver queda material."
"P1","Corrigir agora","S_BR_SP_OTOPLASTIA","Adulto","Título RSA","Resultado Natural","Consulta Particular R$ 500","26","Pré-qualificação","Trocar promessa implícita por informação comercial verificável.","0 resultados qualificados e vazamento para SUS/Projeto Orelhinha.","Menor CTR.","Contato válido e CPQL","CTR -20%.","14 dias","Manter se qualidade melhorar.","Reverter se reduzir contatos válidos."
"P1","Corrigir agora","S_BR_SP_OTOPLASTIA","Adulto","Título RSA","Cirurgiã Plástica Facial","Cirurgiã Plástica | RQE","23","Credencial verificável","Evitar que 'facial' seja interpretado como especialidade registrada autônoma e manter credencial objetiva.","CRM/RQE estão verificados; a formulação atual cria ambiguidade regulatória que a credencial factual elimina.","Baixo; revisão Codame/jurídica recomendada.","Aprovação editorial e contato válido","Nenhuma reprovação de anúncio.","Imediata; observar 14 dias","Manter se aprovado.","Reverter apenas para outro título factual aprovado."
"P2","Testar","S_BR_SP_OTOPLASTIA","AG_OTOPLASTIA_INFANTIL","Título RSA","{Keyword:Consulta em Pinheiros}","Avaliação Infantil Criteriosa","29","Família/decisão","Evitar inserção dinâmica imprevisível e reforçar decisão adequada à criança.","10 cliques e 1 conversão agregada; volume muito pequeno.","Reduzir aderência literal.","Contato válido/clique","CTR -25%.","28 dias ou ≥30 cliques","Manter se qualidade não piorar.","Reverter se cobertura cair."
"P1","Testar","S_BR_SP_CIRURGIA_FACIAL","AG_CIRURGIA_FACIAL","Título RSA","Entenda Suas Possibilidades","Avaliação Particular R$ 500","27","Pré-qualificação","Filtrar convênio/gratuidade mantendo a porta de entrada geral.","119 cliques, R$237,04 e 0 resultados qualificados em 30d; share <10% por ranking.","Menor CTR.","Contato válido e CPQL","CTR -20%, CPC +25%.","14 dias e ≥30 cliques","Manter se qualidade melhorar.","Reverter se apenas reduzir volume."
"P2","Não alterar","S_BR_SP_LIFTING_CERVICAL","AG_LIPO_PAPADA","RSA","Conjunto atual","Manter o RSA atual","N/D","Lipo de papada","A mensagem já diferencia gordura, pele e músculo e está alinhada à página.","RSA Excelente; 131 cliques e R$150,28 em 30d.","Persistir com sinal qualificado N/D.","Lead qualificado e contato válido","Reabrir se 50 novos cliques sem contato válido.","14 dias","Manter se houver downstream válido.","Criar teste somente se o guardrail falhar."
"P1","Corrigir agora","S_BR_SP_LIFTING_CERVICAL","AG_LIPO_PAPADA","URL de sitelink","/lipo-de-papada//","/lipo-de-papada/","16","Navegação/tracking","Eliminar URL malformada e padronizar canonical sem depender de tolerância do servidor.","Export de páginas registrou caminho com barra dupla.","Baixo; preservar parâmetros e GCLID.","HTTP 200 e atribuição preservada","Zero perda de parâmetros no teste ponta a ponta.","Teste técnico antes de publicar","Manter se 200/canonical/atribuição passarem.","Reverter se parâmetros forem perdidos."
"P2","Testar","Conta (exceto Marca se redundante)","Recursos","Destaque","N/D","Consulta particular R$500","25","Pré-qualificação comercial","Exibir condição particular em mais combinações sem reescrever todos os RSAs.","Consultas de SUS/convênio aparecem nos termos; destaque tem 25 caracteres.","Menor CTR.","Contato válido/clique","CTR -20%.","14 dias","Manter se qualidade melhorar.","Remover se só reduzir volume."
