"url","http_status","redirects","ttfb_ms_uma_coleta","tempo_total_ms_uma_coleta","html_bytes","videos_referenciados","peso_total_videos_mb","imagens_resultado","texto_visivel_autorizacao","controle_18_mais","cwv_campo","decisao"
"/","200","0","490","491","30647","2","15.80","4","sim","nao","N/D","observar; revisar caso corporal e consentimentos com Codame/juridico"
"/avaliacao-facial/","200","0","469","477","31663","2","15.80","3","nao","nao","N/D","observar; nao recomprimir sem medicao 4G/CWV"
"/blefaroplastia/","200","0","51","56","33665","2","11.25","3","nao","nao","N/D","observar; nao recomprimir sem medicao 4G/CWV"
"/lifting-facial/","200","0","329","336","38245","2","14.44","4","nao","nao","N/D","observar; nao recomprimir sem medicao 4G/CWV"
"/conteudos/quanto-custa-lifting-facial-sao-paulo/","200","0","461","461","28551","0","0.00","0","nao","nao","N/D","manter destino; revisar compliance de preco com Codame/juridico"
"/lifting-cervical/","200","0","320","320","31391","2","23.14","3","nao","nao","N/D","observar; nao recomprimir sem medicao 4G/CWV"
"/lipo-de-papada/?origem=LPP01","200","0","315","323","29191","2","12.58","1","nao","nao","N/D","confirmar substituicao do codigo legado em teste controlado"
"/otoplastia-adulto/","200","0","202","211","86973","4","19.46","1","sim","nao","N/D","observar; medir separadamente do teste de RSA"
"/otoplastia-infantil/","200","0","488","726","91721","5","62.10","2","sim","nao","N/D","P1 medir 4G/CWV; maior video referenciado tem 42.64 MB; revisar consentimento de menores"
