"campanha","grupo","camp","ag","estado_antes_15_08","acao_15_08","pagina_final_confirmada_14_08","estado_final_15_08"
"S_BR_SP_BLEFAROPLASTIA","AG_BLEFAROPLASTIA","G26BLEF","ag_blefaroplastia","presente","manter","/blefaroplastia/","camp e ag presentes"
"S_BR_SP_CIRURGIA_FACIAL","AG_CIRURGIA_FACIAL","G26FACE","ag_cirurgia_facial","presente","manter","/avaliacao-facial/","camp e ag presentes"
"S_BR_SP_LIFTING_CERVICAL","AG_CERVICOPLASTIA","G26CERV","ag_lifting_cervical","presente","manter","/lifting-cervical/","camp e ag presentes"
"S_BR_SP_LIFTING_CERVICAL","AG_LIPO_PAPADA","G26CERV","ag_lipo_papada","ausente","adicionar","/lipo-de-papada/?origem=LPP01","camp e ag presentes"
"S_BR_SP_LIFTING_FACIAL","AG_LIFTING_FACIAL","G26LIFT","ag_lifting_facial","presente","manter","/lifting-facial/","camp e ag presentes"
"S_BR_SP_LIFTING_FACIAL","AG_LIFTING_FACIAL_PRECO","G26LIFT","ag_lifting_facial_preco","ausente","adicionar","/conteudos/quanto-custa-lifting-facial-sao-paulo/","camp e ag presentes"
"S_BR_SP_MARCA","AG_MARCA","G26MARCA","ag_marca","presente","manter","/","camp e ag presentes"
"S_BR_SP_OTOPLASTIA","Adulto","G26OTO","ag_otoplastia_adulto","ausente","adicionar","/otoplastia-adulto/","camp e ag presentes"
"S_BR_SP_OTOPLASTIA","AG_OTOPLASTIA_INFANTIL","G26OTO","ag_otoplastia_infantil","ausente","adicionar","/otoplastia-infantil/","camp e ag presentes"
